Case,Title,Verifies,Level,Category,Procedure,Setup,Expected,Pass criterion,Author,At commit
test_alarm_mgr.test_confirm_sounds_the_buzzer_and_flashes_red_at_2_hz,confirm sounds the buzzer and flashes red at 2 hz,MRTM-LLR-012 MRTM-LLR-013 MRTM-HLR-008,unit,,Unity: 10-src/firmware/components/alarm_mgr/test/test_alarm_mgr.c::test_confirm_sounds_the_buzzer_and_flashes_red_at_2_hz,"host build (make test), stub hardware reset per test",,every TEST_ASSERT holds (Unity PASS),"RUN-04 (agent, no independence — A-4-03)",c3f7986d41e351a87bf9ad9d7469d949295018de
test_alarm_mgr.test_ack_stops_the_buzzer_in_the_same_step_and_logs,"Posting wakes the task at once (notification), so the buzzer stops in the same step.",MRTM-LLR-012 MRTM-HLR-009,unit,,Unity: 10-src/firmware/components/alarm_mgr/test/test_alarm_mgr.c::test_ack_stops_the_buzzer_in_the_same_step_and_logs,"host build (make test), stub hardware reset per test",,every TEST_ASSERT holds (Unity PASS),"RUN-04 (agent, no independence — A-4-03)",c3f7986d41e351a87bf9ad9d7469d949295018de
test_alarm_mgr.test_re_sounds_15_minutes_after_the_ack,re sounds 15 minutes after the ack,MRTM-LLR-013 MRTM-HLR-011,unit,,Unity: 10-src/firmware/components/alarm_mgr/test/test_alarm_mgr.c::test_re_sounds_15_minutes_after_the_ack,"host build (make test), stub hardware reset per test",,every TEST_ASSERT holds (Unity PASS),"RUN-04 (agent, no independence — A-4-03)",c3f7986d41e351a87bf9ad9d7469d949295018de
test_alarm_mgr.test_end_returns_to_quiet_from_sounding_and_silenced,end returns to quiet from sounding and silenced,MRTM-LLR-012 MRTM-HLR-006,unit,,Unity: 10-src/firmware/components/alarm_mgr/test/test_alarm_mgr.c::test_end_returns_to_quiet_from_sounding_and_silenced,"host build (make test), stub hardware reset per test",,every TEST_ASSERT holds (Unity PASS),"RUN-04 (agent, no independence — A-4-03)",c3f7986d41e351a87bf9ad9d7469d949295018de
test_alarm_mgr.test_probe_fault_sounds_1_s_on_1_s_off,probe fault sounds 1 s on 1 s off,MRTM-LLR-013 MRTM-HLR-012,unit,,Unity: 10-src/firmware/components/alarm_mgr/test/test_alarm_mgr.c::test_probe_fault_sounds_1_s_on_1_s_off,"host build (make test), stub hardware reset per test",,every TEST_ASSERT holds (Unity PASS),"RUN-04 (agent, no independence — A-4-03)",c3f7986d41e351a87bf9ad9d7469d949295018de
test_alarm_mgr.test_no_buzzer_current_for_5_steps_declares_buzzer_fault_red_4_hz,no buzzer current for 5 steps declares buzzer fault red 4 hz,MRTM-LLR-013 MRTM-HLR-013,unit,,Unity: 10-src/firmware/components/alarm_mgr/test/test_alarm_mgr.c::test_no_buzzer_current_for_5_steps_declares_buzzer_fault_red_4_hz,"host build (make test), stub hardware reset per test",,every TEST_ASSERT holds (Unity PASS),"RUN-04 (agent, no independence — A-4-03)",c3f7986d41e351a87bf9ad9d7469d949295018de
test_alarm_mgr.test_button_debounce_50_ms,A change shorter than 50 ms is ignored; a press held past 50 ms is taken once.,MRTM-LLR-014 MRTM-LLR-015 MRTM-HLR-009,unit,,Unity: 10-src/firmware/components/alarm_mgr/test/test_alarm_mgr.c::test_button_debounce_50_ms,"host build (make test), stub hardware reset per test",,every TEST_ASSERT holds (Unity PASS),"RUN-04 (agent, no independence — A-4-03)",c3f7986d41e351a87bf9ad9d7469d949295018de
test_alarm_mgr.test_button_held_60_s_is_a_button_fault_and_ignored,button held 60 s is a button fault and ignored,MRTM-LLR-015 MRTM-HLR-015,unit,,Unity: 10-src/firmware/components/alarm_mgr/test/test_alarm_mgr.c::test_button_held_60_s_is_a_button_fault_and_ignored,"host build (make test), stub hardware reset per test",,every TEST_ASSERT holds (Unity PASS),"RUN-04 (agent, no independence — A-4-03)",c3f7986d41e351a87bf9ad9d7469d949295018de
test_alarm_mgr.test_unacknowledged_alarm_is_restored_after_a_restart,unacknowledged alarm is restored after a restart,MRTM-LLR-010 MRTM-HLR-014,unit,,Unity: 10-src/firmware/components/alarm_mgr/test/test_alarm_mgr.c::test_unacknowledged_alarm_is_restored_after_a_restart,"host build (make test), stub hardware reset per test",,every TEST_ASSERT holds (Unity PASS),"RUN-04 (agent, no independence — A-4-03)",c3f7986d41e351a87bf9ad9d7469d949295018de
test_alarm_mgr.test_acknowledged_alarm_is_not_restored_as_sounding,acknowledged alarm is not restored as sounding,MRTM-LLR-010 MRTM-HLR-014,unit,,Unity: 10-src/firmware/components/alarm_mgr/test/test_alarm_mgr.c::test_acknowledged_alarm_is_not_restored_as_sounding,"host build (make test), stub hardware reset per test",,every TEST_ASSERT holds (Unity PASS),"RUN-04 (agent, no independence — A-4-03)",c3f7986d41e351a87bf9ad9d7469d949295018de
test_alarm_mgr.test_battery_low_or_fail_safe_forces_the_buzzer,battery low or fail safe forces the buzzer,MRTM-LLR-013 MRTM-HLR-015,unit,,Unity: 10-src/firmware/components/alarm_mgr/test/test_alarm_mgr.c::test_battery_low_or_fail_safe_forces_the_buzzer,"host build (make test), stub hardware reset per test",,every TEST_ASSERT holds (Unity PASS),"RUN-04 (agent, no independence — A-4-03)",c3f7986d41e351a87bf9ad9d7469d949295018de
test_alarm_mgr.test_heartbeat_moves_on_every_step,heartbeat moves on every step,MRTM-LLR-016 MRTM-HLR-010,unit,,Unity: 10-src/firmware/components/alarm_mgr/test/test_alarm_mgr.c::test_heartbeat_moves_on_every_step,"host build (make test), stub hardware reset per test",,every TEST_ASSERT holds (Unity PASS),"RUN-04 (agent, no independence — A-4-03)",c3f7986d41e351a87bf9ad9d7469d949295018de
test_alarm_mgr.test_error_codes_full_and_nvs,"Error codes of the contract: queue depth 8, then MRTM_ERR_FULL; NVS missing at init.",MRTM-LLR-010 MRTM-LLR-011,unit,,Unity: 10-src/firmware/components/alarm_mgr/test/test_alarm_mgr.c::test_error_codes_full_and_nvs,"host build (make test), stub hardware reset per test",,every TEST_ASSERT holds (Unity PASS),"RUN-04 (agent, no independence — A-4-03)",c3f7986d41e351a87bf9ad9d7469d949295018de
test_alarm_mgr.test_early_alarm_is_red_1_hz_without_buzzer_then_escalates,"CR-001 / ADR-0030: the early tier is light only (red 1 Hz, no buzzer); confirmation escalates to sounding.",MRTM-LLR-012 MRTM-LLR-013 MRTM-HLR-007,unit,,Unity: 10-src/firmware/components/alarm_mgr/test/test_alarm_mgr.c::test_early_alarm_is_red_1_hz_without_buzzer_then_escalates,"host build (make test), stub hardware reset per test",,every TEST_ASSERT holds (Unity PASS),"RUN-04 (agent, no independence — A-4-03)",c3f7986d41e351a87bf9ad9d7469d949295018de
test_alarm_mgr.test_early_alarm_clears_back_to_quiet,early alarm clears back to quiet,MRTM-LLR-012 MRTM-HLR-007,unit,,Unity: 10-src/firmware/components/alarm_mgr/test/test_alarm_mgr.c::test_early_alarm_clears_back_to_quiet,"host build (make test), stub hardware reset per test",,every TEST_ASSERT holds (Unity PASS),"RUN-04 (agent, no independence — A-4-03)",c3f7986d41e351a87bf9ad9d7469d949295018de
test_config_mgr.test_valid_record_loads_the_2_to_8_degree_band,valid record loads the 2 to 8 degree band,MRTM-LLR-020 MRTM-HLR-019,unit,,Unity: 10-src/firmware/components/config_mgr/test/test_config_mgr.c::test_valid_record_loads_the_2_to_8_degree_band,"host build (make test), stub hardware reset per test",,every TEST_ASSERT holds (Unity PASS),"RUN-04 (agent, no independence — A-4-03)",c3f7986d41e351a87bf9ad9d7469d949295018de
test_config_mgr.test_bad_crc_is_refused_with_err_crc,bad crc is refused with err crc,MRTM-LLR-020 MRTM-HLR-019,unit,,Unity: 10-src/firmware/components/config_mgr/test/test_config_mgr.c::test_bad_crc_is_refused_with_err_crc,"host build (make test), stub hardware reset per test",,every TEST_ASSERT holds (Unity PASS),"RUN-04 (agent, no independence — A-4-03)",c3f7986d41e351a87bf9ad9d7469d949295018de
test_config_mgr.test_missing_record_is_err_nvs,"No default band in firmware: a missing record is an error, never 2..8 made up.",MRTM-LLR-020,unit,,Unity: 10-src/firmware/components/config_mgr/test/test_config_mgr.c::test_missing_record_is_err_nvs,"host build (make test), stub hardware reset per test",,every TEST_ASSERT holds (Unity PASS),"RUN-04 (agent, no independence — A-4-03)",c3f7986d41e351a87bf9ad9d7469d949295018de
test_config_mgr.test_band_outside_2_to_8_is_refused,band outside 2 to 8 is refused,MRTM-LLR-020 MRTM-LLR-021,unit,,Unity: 10-src/firmware/components/config_mgr/test/test_config_mgr.c::test_band_outside_2_to_8_is_refused,"host build (make test), stub hardware reset per test",,every TEST_ASSERT holds (Unity PASS),"RUN-04 (agent, no independence — A-4-03)",c3f7986d41e351a87bf9ad9d7469d949295018de
test_config_mgr.test_store_writes_a_fresh_crc_and_logs_config_changed,store writes a fresh crc and logs config changed,MRTM-LLR-021,unit,,Unity: 10-src/firmware/components/config_mgr/test/test_config_mgr.c::test_store_writes_a_fresh_crc_and_logs_config_changed,"host build (make test), stub hardware reset per test",,every TEST_ASSERT holds (Unity PASS),"RUN-04 (agent, no independence — A-4-03)",c3f7986d41e351a87bf9ad9d7469d949295018de
test_diagnostics.test_power_up_tests_pass_inside_their_windows,"Buzzer tested within 5 s, backup alarm within 15 s, both from t = 0.",MRTM-LLR-019 MRTM-HLR-018,unit,,Unity: 10-src/firmware/components/diagnostics/test/test_diagnostics.c::test_power_up_tests_pass_inside_their_windows,"host build (make test), stub hardware reset per test",,every TEST_ASSERT holds (Unity PASS),"RUN-04 (agent, no independence — A-4-03)",c3f7986d41e351a87bf9ad9d7469d949295018de
test_diagnostics.test_silent_buzzer_fails_the_power_up_test,silent buzzer fails the power up test,MRTM-LLR-019 MRTM-HLR-018,unit,,Unity: 10-src/firmware/components/diagnostics/test/test_diagnostics.c::test_silent_buzzer_fails_the_power_up_test,"host build (make test), stub hardware reset per test",,every TEST_ASSERT holds (Unity PASS),"RUN-04 (agent, no independence — A-4-03)",c3f7986d41e351a87bf9ad9d7469d949295018de
test_diagnostics.test_backup_alarm_not_heard_fails_and_pulses_resume,backup alarm not heard fails and pulses resume,MRTM-LLR-019 MRTM-HLR-018,unit,,Unity: 10-src/firmware/components/diagnostics/test/test_diagnostics.c::test_backup_alarm_not_heard_fails_and_pulses_resume,"host build (make test), stub hardware reset per test",,every TEST_ASSERT holds (Unity PASS),"RUN-04 (agent, no independence — A-4-03)",c3f7986d41e351a87bf9ad9d7469d949295018de
test_display_mgr.test_band_and_version_shown_in_the_first_3_s,band and version shown in the first 3 s,MRTM-LLR-033 MRTM-HLR-027,unit,,Unity: 10-src/firmware/components/display_mgr/test/test_display_mgr.c::test_band_and_version_shown_in_the_first_3_s,"host build (make test), stub hardware reset per test",,every TEST_ASSERT holds (Unity PASS),"RUN-04 (agent, no independence — A-4-03)",c3f7986d41e351a87bf9ad9d7469d949295018de
test_display_mgr.test_excursion_warning_for_the_whole_excursion,excursion warning for the whole excursion,MRTM-LLR-029 MRTM-LLR-032 MRTM-HLR-025,unit,,Unity: 10-src/firmware/components/display_mgr/test/test_display_mgr.c::test_excursion_warning_for_the_whole_excursion,"host build (make test), stub hardware reset per test",,every TEST_ASSERT holds (Unity PASS),"RUN-04 (agent, no independence — A-4-03)",c3f7986d41e351a87bf9ad9d7469d949295018de
test_display_mgr.test_probe_fault_message,probe fault message,MRTM-LLR-029 MRTM-HLR-025,unit,,Unity: 10-src/firmware/components/display_mgr/test/test_display_mgr.c::test_probe_fault_message,"host build (make test), stub hardware reset per test",,every TEST_ASSERT holds (Unity PASS),"RUN-04 (agent, no independence — A-4-03)",c3f7986d41e351a87bf9ad9d7469d949295018de
test_display_mgr.test_calibration_due_and_log_capacity_messages,calibration due and log capacity messages,MRTM-LLR-029 MRTM-HLR-028,unit,,Unity: 10-src/firmware/components/display_mgr/test/test_display_mgr.c::test_calibration_due_and_log_capacity_messages,"host build (make test), stub hardware reset per test",,every TEST_ASSERT holds (Unity PASS),"RUN-04 (agent, no independence — A-4-03)",c3f7986d41e351a87bf9ad9d7469d949295018de
test_display_mgr.test_temperature_refreshes_every_10_s_in_tenths,"The number on screen changes at most every 10 s, at 0.1 degC.",MRTM-LLR-028 MRTM-LLR-032 MRTM-HLR-026,unit,,Unity: 10-src/firmware/components/display_mgr/test/test_display_mgr.c::test_temperature_refreshes_every_10_s_in_tenths,"host build (make test), stub hardware reset per test",,every TEST_ASSERT holds (Unity PASS),"RUN-04 (agent, no independence — A-4-03)",c3f7986d41e351a87bf9ad9d7469d949295018de
test_display_mgr.test_battery_shown_in_steps_of_10_percent,battery shown in steps of 10 percent,MRTM-LLR-030 MRTM-HLR-028,unit,,Unity: 10-src/firmware/components/display_mgr/test/test_display_mgr.c::test_battery_shown_in_steps_of_10_percent,"host build (make test), stub hardware reset per test",,every TEST_ASSERT holds (Unity PASS),"RUN-04 (agent, no independence — A-4-03)",c3f7986d41e351a87bf9ad9d7469d949295018de
test_display_mgr.test_i2c_timeout_resets_the_bus_within_1_s,"A 100 ms timeout triggers the bus reset and a log record, all inside 1 s.",MRTM-LLR-031 MRTM-HLR-029,unit,,Unity: 10-src/firmware/components/display_mgr/test/test_display_mgr.c::test_i2c_timeout_resets_the_bus_within_1_s,"host build (make test), stub hardware reset per test",,every TEST_ASSERT holds (Unity PASS),"RUN-04 (agent, no independence — A-4-03)",c3f7986d41e351a87bf9ad9d7469d949295018de
test_event_log.test_time_stamp_is_the_utc_second_of_the_post,"The stamp is taken when the event is posted, not when logTask writes it.",MRTM-LLR-035 MRTM-HLR-032,unit,,Unity: 10-src/firmware/components/event_log/test/test_event_log.c::test_time_stamp_is_the_utc_second_of_the_post,"host build (make test), stub hardware reset per test",,every TEST_ASSERT holds (Unity PASS),"RUN-04 (agent, no independence — A-4-03)",c3f7986d41e351a87bf9ad9d7469d949295018de
test_event_log.test_end_record_carries_the_peak_in_tenths,end record carries the peak in tenths,MRTM-LLR-035,unit,,Unity: 10-src/firmware/components/event_log/test/test_event_log.c::test_end_record_carries_the_peak_in_tenths,"host build (make test), stub hardware reset per test",,every TEST_ASSERT holds (Unity PASS),"RUN-04 (agent, no independence — A-4-03)",c3f7986d41e351a87bf9ad9d7469d949295018de
test_event_log.test_step_numbers_checksums_and_stores_every_queued_record,step numbers checksums and stores every queued record,MRTM-LLR-036 MRTM-HLR-030,unit,,Unity: 10-src/firmware/components/event_log/test/test_event_log.c::test_step_numbers_checksums_and_stores_every_queued_record,"host build (make test), stub hardware reset per test",,every TEST_ASSERT holds (Unity PASS),"RUN-04 (agent, no independence — A-4-03)",c3f7986d41e351a87bf9ad9d7469d949295018de
test_event_log.test_error_code_full_after_32,"Error code of the contract: queue depth 32, then MRTM_ERR_FULL.",MRTM-LLR-035,unit,,Unity: 10-src/firmware/components/event_log/test/test_event_log.c::test_error_code_full_after_32,"host build (make test), stub hardware reset per test",,every TEST_ASSERT holds (Unity PASS),"RUN-04 (agent, no independence — A-4-03)",c3f7986d41e351a87bf9ad9d7469d949295018de
test_event_log.test_flash_failure_does_not_loop,A flash failure is retried once and does not loop on its own report.,MRTM-LLR-036,unit,,Unity: 10-src/firmware/components/event_log/test/test_event_log.c::test_flash_failure_does_not_loop,"host build (make test), stub hardware reset per test",,every TEST_ASSERT holds (Unity PASS),"RUN-04 (agent, no independence — A-4-03)",c3f7986d41e351a87bf9ad9d7469d949295018de
test_history_ring.test_append_writes_copy_a_and_copy_b,append writes copy a and copy b,MRTM-LLR-038 MRTM-HLR-030,unit,,Unity: 10-src/firmware/components/history_ring/test/test_history_ring.c::test_append_writes_copy_a_and_copy_b,"host build (make test), stub hardware reset per test",,every TEST_ASSERT holds (Unity PASS),"RUN-04 (agent, no independence — A-4-03)",c3f7986d41e351a87bf9ad9d7469d949295018de
test_history_ring.test_retains_10000_records_after_wrapping,The ring wraps 2.5 times; every one of the newest 10 000 records still reads back.,MRTM-LLR-038 MRTM-HLR-031,unit,,Unity: 10-src/firmware/components/history_ring/test/test_history_ring.c::test_retains_10000_records_after_wrapping,"host build (make test), stub hardware reset per test",,every TEST_ASSERT holds (Unity PASS),"RUN-04 (agent, no independence — A-4-03)",c3f7986d41e351a87bf9ad9d7469d949295018de
test_history_ring.test_retains_10000_straight_after_an_erase_ahead,Worst case: straight after an erase-ahead the ring still holds >= 10 000 (DEF-001).,MRTM-LLR-038 MRTM-HLR-031,unit,,Unity: 10-src/firmware/components/history_ring/test/test_history_ring.c::test_retains_10000_straight_after_an_erase_ahead,"host build (make test), stub hardware reset per test",,every TEST_ASSERT holds (Unity PASS),"RUN-04 (agent, no independence — A-4-03)",c3f7986d41e351a87bf9ad9d7469d949295018de
test_history_ring.test_corrupt_copy_a_is_read_from_copy_b,corrupt copy a is read from copy b,MRTM-LLR-039 MRTM-HLR-033,unit,,Unity: 10-src/firmware/components/history_ring/test/test_history_ring.c::test_corrupt_copy_a_is_read_from_copy_b,"host build (make test), stub hardware reset per test",,every TEST_ASSERT holds (Unity PASS),"RUN-04 (agent, no independence — A-4-03)",c3f7986d41e351a87bf9ad9d7469d949295018de
test_history_ring.test_both_copies_corrupt_reports_err_crc_and_logs_it,both copies corrupt reports err crc and logs it,MRTM-LLR-039 MRTM-HLR-033,unit,,Unity: 10-src/firmware/components/history_ring/test/test_history_ring.c::test_both_copies_corrupt_reports_err_crc_and_logs_it,"host build (make test), stub hardware reset per test",,every TEST_ASSERT holds (Unity PASS),"RUN-04 (agent, no independence — A-4-03)",c3f7986d41e351a87bf9ad9d7469d949295018de
test_history_ring.test_capacity_warning_once_at_9000,capacity warning once at 9000,MRTM-LLR-038 MRTM-HLR-034,unit,,Unity: 10-src/firmware/components/history_ring/test/test_history_ring.c::test_capacity_warning_once_at_9000,"host build (make test), stub hardware reset per test",,every TEST_ASSERT holds (Unity PASS),"RUN-04 (agent, no independence — A-4-03)",c3f7986d41e351a87bf9ad9d7469d949295018de
test_history_ring.test_init_finds_the_head_again_after_a_restart,init finds the head again after a restart,MRTM-LLR-037 MRTM-HLR-031,unit,,Unity: 10-src/firmware/components/history_ring/test/test_history_ring.c::test_init_finds_the_head_again_after_a_restart,"host build (make test), stub hardware reset per test",,every TEST_ASSERT holds (Unity PASS),"RUN-04 (agent, no independence — A-4-03)",c3f7986d41e351a87bf9ad9d7469d949295018de
test_history_ring.test_error_codes_flash_arg,Error codes of the contract.,MRTM-LLR-038,unit,,Unity: 10-src/firmware/components/history_ring/test/test_history_ring.c::test_error_codes_flash_arg,"host build (make test), stub hardware reset per test",,every TEST_ASSERT holds (Unity PASS),"RUN-04 (agent, no independence — A-4-03)",c3f7986d41e351a87bf9ad9d7469d949295018de
test_limit_evaluator.test_nth_consecutive_out_sample_confirms,nth consecutive out sample confirms,MRTM-LLR-008 MRTM-HLR-005,unit,,Unity: 10-src/firmware/components/limit_evaluator/test/test_limit_evaluator.c::test_nth_consecutive_out_sample_confirms,"host build (make test), stub hardware reset per test",,every TEST_ASSERT holds (Unity PASS),"RUN-04 (agent, no independence — A-4-03)",c3f7986d41e351a87bf9ad9d7469d949295018de
test_limit_evaluator.test_n_minus_one_out_then_one_in_does_not_confirm,n minus one out then one in does not confirm,MRTM-LLR-008 MRTM-HLR-005,unit,,Unity: 10-src/firmware/components/limit_evaluator/test/test_limit_evaluator.c::test_n_minus_one_out_then_one_in_does_not_confirm,"host build (make test), stub hardware reset per test",,every TEST_ASSERT holds (Unity PASS),"RUN-04 (agent, no independence — A-4-03)",c3f7986d41e351a87bf9ad9d7469d949295018de
test_limit_evaluator.test_first_out_sample_raises_the_early_alarm,CR-001 / ADR-0030: the first valid out-of-band sample raises the early (low-priority) alarm.,MRTM-LLR-008 MRTM-HLR-004,unit,,Unity: 10-src/firmware/components/limit_evaluator/test/test_limit_evaluator.c::test_first_out_sample_raises_the_early_alarm,"host build (make test), stub hardware reset per test",,every TEST_ASSERT holds (Unity PASS),"RUN-04 (agent, no independence — A-4-03)",c3f7986d41e351a87bf9ad9d7469d949295018de
test_limit_evaluator.test_back_in_band_clears_the_early_alarm,"A door opening shorter than the confirmation: early alarm raised, then cleared, never confirmed.",MRTM-LLR-008 MRTM-HLR-004,unit,,Unity: 10-src/firmware/components/limit_evaluator/test/test_limit_evaluator.c::test_back_in_band_clears_the_early_alarm,"host build (make test), stub hardware reset per test",,every TEST_ASSERT holds (Unity PASS),"RUN-04 (agent, no independence — A-4-03)",c3f7986d41e351a87bf9ad9d7469d949295018de
test_limit_evaluator.test_early_alarm_budget_fits_5_s,"The budget the compile-time check enforces, restated as a test so a result row exists.",MRTM-LLR-008 MRTM-HLR-004 MRTM-HLR-005,unit,,Unity: 10-src/firmware/components/limit_evaluator/test/test_limit_evaluator.c::test_early_alarm_budget_fits_5_s,"host build (make test), stub hardware reset per test",,every TEST_ASSERT holds (Unity PASS),"RUN-04 (agent, no independence — A-4-03)",c3f7986d41e351a87bf9ad9d7469d949295018de
test_limit_evaluator.test_invalid_sample_neither_counts_nor_resets,A-29: a bad-CRC sample neither counts toward the run nor resets it.,MRTM-LLR-008 MRTM-HLR-005,unit,,Unity: 10-src/firmware/components/limit_evaluator/test/test_limit_evaluator.c::test_invalid_sample_neither_counts_nor_resets,"host build (make test), stub hardware reset per test",,every TEST_ASSERT holds (Unity PASS),"RUN-04 (agent, no independence — A-4-03)",c3f7986d41e351a87bf9ad9d7469d949295018de
test_limit_evaluator.test_band_edges_two_and_eight_degrees_are_inside,band edges two and eight degrees are inside,MRTM-LLR-007 MRTM-LLR-008,unit,,Unity: 10-src/firmware/components/limit_evaluator/test/test_limit_evaluator.c::test_band_edges_two_and_eight_degrees_are_inside,"host build (make test), stub hardware reset per test",,every TEST_ASSERT holds (Unity PASS),"RUN-04 (agent, no independence — A-4-03)",c3f7986d41e351a87bf9ad9d7469d949295018de
test_limit_evaluator.test_nth_consecutive_in_sample_ends_excursion,nth consecutive in sample ends excursion,MRTM-LLR-008 MRTM-HLR-006,unit,,Unity: 10-src/firmware/components/limit_evaluator/test/test_limit_evaluator.c::test_nth_consecutive_in_sample_ends_excursion,"host build (make test), stub hardware reset per test",,every TEST_ASSERT holds (Unity PASS),"RUN-04 (agent, no independence — A-4-03)",c3f7986d41e351a87bf9ad9d7469d949295018de
test_limit_evaluator.test_out_sample_restarts_the_in_run,Hysteresis in time: one out sample during the return restarts the in-run.,MRTM-LLR-008 MRTM-HLR-006,unit,,Unity: 10-src/firmware/components/limit_evaluator/test/test_limit_evaluator.c::test_out_sample_restarts_the_in_run,"host build (make test), stub hardware reset per test",,every TEST_ASSERT holds (Unity PASS),"RUN-04 (agent, no independence — A-4-03)",c3f7986d41e351a87bf9ad9d7469d949295018de
test_limit_evaluator.test_hysteresis_knob_is_zero,"A-26: the dead band knob is 0, so 7.9 degC ends an excursion that 8.1 degC started.",MRTM-LLR-007,unit,,Unity: 10-src/firmware/components/limit_evaluator/test/test_limit_evaluator.c::test_hysteresis_knob_is_zero,"host build (make test), stub hardware reset per test",,every TEST_ASSERT holds (Unity PASS),"RUN-04 (agent, no independence — A-4-03)",c3f7986d41e351a87bf9ad9d7469d949295018de
test_limit_evaluator.test_peak_is_the_most_extreme_sample,peak is the most extreme sample,MRTM-LLR-009 MRTM-HLR-006,unit,,Unity: 10-src/firmware/components/limit_evaluator/test/test_limit_evaluator.c::test_peak_is_the_most_extreme_sample,"host build (make test), stub hardware reset per test",,every TEST_ASSERT holds (Unity PASS),"RUN-04 (agent, no independence — A-4-03)",c3f7986d41e351a87bf9ad9d7469d949295018de
test_limit_evaluator.test_peak_below_band_counts_distance_downwards,peak below band counts distance downwards,MRTM-LLR-009,unit,,Unity: 10-src/firmware/components/limit_evaluator/test/test_limit_evaluator.c::test_peak_below_band_counts_distance_downwards,"host build (make test), stub hardware reset per test",,every TEST_ASSERT holds (Unity PASS),"RUN-04 (agent, no independence — A-4-03)",c3f7986d41e351a87bf9ad9d7469d949295018de
test_mrtm_common.test_crc_check_values,"Check values from the CRC catalogue for ""123456789"".",MRTM-LLR-005 MRTM-LLR-022,unit,,Unity: 10-src/firmware/components/mrtm_common/test/test_mrtm_common.c::test_crc_check_values,"host build (make test), stub hardware reset per test",,every TEST_ASSERT holds (Unity PASS),"RUN-04 (agent, no independence — A-4-03)",c3f7986d41e351a87bf9ad9d7469d949295018de
test_mrtm_common.test_crc8_over_a_scratchpad,A DS18B20 scratchpad is valid when the CRC of bytes 0..7 equals byte 8.,MRTM-LLR-005 MRTM-HLR-002,unit,,Unity: 10-src/firmware/components/mrtm_common/test/test_mrtm_common.c::test_crc8_over_a_scratchpad,"host build (make test), stub hardware reset per test",,every TEST_ASSERT holds (Unity PASS),"RUN-04 (agent, no independence — A-4-03)",c3f7986d41e351a87bf9ad9d7469d949295018de
test_power_mon.test_mains_loss_and_restore_are_logged_from_the_edge,The ISR posts the event on the edge itself; logTask writes it well inside 1 s.,MRTM-LLR-023 MRTM-HLR-020,unit,,Unity: 10-src/firmware/components/power_mon/test/test_power_mon.c::test_mains_loss_and_restore_are_logged_from_the_edge,"host build (make test), stub hardware reset per test",,every TEST_ASSERT holds (Unity PASS),"RUN-04 (agent, no independence — A-4-03)",c3f7986d41e351a87bf9ad9d7469d949295018de
test_power_mon.test_battery_below_3400_mv_twice_sounds_the_buzzer,Two reads below 3.4 V in a row (1 s at 500 ms) raise the alarm; one dip does not.,MRTM-LLR-024 MRTM-HLR-021,unit,,Unity: 10-src/firmware/components/power_mon/test/test_power_mon.c::test_battery_below_3400_mv_twice_sounds_the_buzzer,"host build (make test), stub hardware reset per test",,every TEST_ASSERT holds (Unity PASS),"RUN-04 (agent, no independence — A-4-03)",c3f7986d41e351a87bf9ad9d7469d949295018de
test_rtc_clock.test_oscillator_stop_at_power_up_logs_clock_fault,oscillator stop at power up logs clock fault,MRTM-LLR-040 MRTM-HLR-032,unit,,Unity: 10-src/firmware/components/rtc_clock/test/test_rtc_clock.c::test_oscillator_stop_at_power_up_logs_clock_fault,"host build (make test), stub hardware reset per test",,every TEST_ASSERT holds (Unity PASS),"RUN-04 (agent, no independence — A-4-03)",c3f7986d41e351a87bf9ad9d7469d949295018de
test_rtc_clock.test_now_is_the_rtc_copy_refreshed_each_second,now is the rtc copy refreshed each second,MRTM-LLR-041 MRTM-LLR-042 MRTM-HLR-032,unit,,Unity: 10-src/firmware/components/rtc_clock/test/test_rtc_clock.c::test_now_is_the_rtc_copy_refreshed_each_second,"host build (make test), stub hardware reset per test",,every TEST_ASSERT holds (Unity PASS),"RUN-04 (agent, no independence — A-4-03)",c3f7986d41e351a87bf9ad9d7469d949295018de
test_rtc_clock.test_error_codes_bus_and_arg,Error codes of the contract.,MRTM-LLR-040,unit,,Unity: 10-src/firmware/components/rtc_clock/test/test_rtc_clock.c::test_error_codes_bus_and_arg,"host build (make test), stub hardware reset per test",,every TEST_ASSERT holds (Unity PASS),"RUN-04 (agent, no independence — A-4-03)",c3f7986d41e351a87bf9ad9d7469d949295018de
test_sensor_sampler.test_good_scratchpad_gives_a_valid_sample,good scratchpad gives a valid sample,MRTM-LLR-003 MRTM-HLR-001,unit,,Unity: 10-src/firmware/components/sensor_sampler/test/test_sensor_sampler.c::test_good_scratchpad_gives_a_valid_sample,"host build (make test), stub hardware reset per test",,every TEST_ASSERT holds (Unity PASS),"RUN-04 (agent, no independence — A-4-03)",c3f7986d41e351a87bf9ad9d7469d949295018de
test_sensor_sampler.test_bad_crc_is_invalid_but_not_out_of_range,bad crc is invalid but not out of range,MRTM-LLR-003 MRTM-HLR-002,unit,,Unity: 10-src/firmware/components/sensor_sampler/test/test_sensor_sampler.c::test_bad_crc_is_invalid_but_not_out_of_range,"host build (make test), stub hardware reset per test",,every TEST_ASSERT holds (Unity PASS),"RUN-04 (agent, no independence — A-4-03)",c3f7986d41e351a87bf9ad9d7469d949295018de
test_sensor_sampler.test_reading_outside_minus30_to_50_declares_the_fault_at_once,reading outside minus30 to 50 declares the fault at once,MRTM-LLR-003 MRTM-LLR-004 MRTM-HLR-002 MRTM-HLR-003,unit,,Unity: 10-src/firmware/components/sensor_sampler/test/test_sensor_sampler.c::test_reading_outside_minus30_to_50_declares_the_fault_at_once,"host build (make test), stub hardware reset per test",,every TEST_ASSERT holds (Unity PASS),"RUN-04 (agent, no independence — A-4-03)",c3f7986d41e351a87bf9ad9d7469d949295018de
test_sensor_sampler.test_fault_after_30_s_without_a_correct_crc,fault after 30 s without a correct crc,MRTM-LLR-004 MRTM-HLR-003,unit,,Unity: 10-src/firmware/components/sensor_sampler/test/test_sensor_sampler.c::test_fault_after_30_s_without_a_correct_crc,"host build (make test), stub hardware reset per test",,every TEST_ASSERT holds (Unity PASS),"RUN-04 (agent, no independence — A-4-03)",c3f7986d41e351a87bf9ad9d7469d949295018de
test_sensor_sampler.test_fault_clears_on_the_next_valid_sample,fault clears on the next valid sample,MRTM-LLR-004 MRTM-HLR-003,unit,,Unity: 10-src/firmware/components/sensor_sampler/test/test_sensor_sampler.c::test_fault_clears_on_the_next_valid_sample,"host build (make test), stub hardware reset per test",,every TEST_ASSERT holds (Unity PASS),"RUN-04 (agent, no independence — A-4-03)",c3f7986d41e351a87bf9ad9d7469d949295018de
test_sensor_sampler.test_conversion_rounds_to_a_tenth_and_adds_the_offset,conversion rounds to a tenth and adds the offset,MRTM-LLR-002,unit,,Unity: 10-src/firmware/components/sensor_sampler/test/test_sensor_sampler.c::test_conversion_rounds_to_a_tenth_and_adds_the_offset,"host build (make test), stub hardware reset per test",,every TEST_ASSERT holds (Unity PASS),"RUN-04 (agent, no independence — A-4-03)",c3f7986d41e351a87bf9ad9d7469d949295018de
test_sensor_sampler.test_error_codes_arg_and_bus,"Error codes of the contract: NULL config, NULL out, bus failure at init.",MRTM-LLR-001 MRTM-LLR-003,unit,,Unity: 10-src/firmware/components/sensor_sampler/test/test_sensor_sampler.c::test_error_codes_arg_and_bus,"host build (make test), stub hardware reset per test",,every TEST_ASSERT holds (Unity PASS),"RUN-04 (agent, no independence — A-4-03)",c3f7986d41e351a87bf9ad9d7469d949295018de
test_usb_export.test_boot_sector_is_a_fat12_volume,boot sector is a fat12 volume,MRTM-LLR-044 MRTM-HLR-035,unit,,Unity: 10-src/firmware/components/usb_export/test/test_usb_export.c::test_boot_sector_is_a_fat12_volume,"host build (make test), stub hardware reset per test",,every TEST_ASSERT holds (Unity PASS),"RUN-04 (agent, no independence — A-4-03)",c3f7986d41e351a87bf9ad9d7469d949295018de
test_usb_export.test_history_csv_is_marked_read_only,history csv is marked read only,MRTM-LLR-044 MRTM-HLR-035,unit,,Unity: 10-src/firmware/components/usb_export/test/test_usb_export.c::test_history_csv_is_marked_read_only,"host build (make test), stub hardware reset per test",,every TEST_ASSERT holds (Unity PASS),"RUN-04 (agent, no independence — A-4-03)",c3f7986d41e351a87bf9ad9d7469d949295018de
test_usb_export.test_every_write_is_refused,every write is refused,MRTM-LLR-045 MRTM-HLR-036,unit,,Unity: 10-src/firmware/components/usb_export/test/test_usb_export.c::test_every_write_is_refused,"host build (make test), stub hardware reset per test",,every TEST_ASSERT holds (Unity PASS),"RUN-04 (agent, no independence — A-4-03)",c3f7986d41e351a87bf9ad9d7469d949295018de
test_usb_export.test_csv_lines_oldest_first_newest_last,csv lines oldest first newest last,MRTM-LLR-044,unit,,Unity: 10-src/firmware/components/usb_export/test/test_usb_export.c::test_csv_lines_oldest_first_newest_last,"host build (make test), stub hardware reset per test",,every TEST_ASSERT holds (Unity PASS),"RUN-04 (agent, no independence — A-4-03)",c3f7986d41e351a87bf9ad9d7469d949295018de
test_usb_export.test_unreadable_record_is_a_corrupt_line,"A record that fails both CRCs becomes a CORRUPT line, and the rest still export.",MRTM-LLR-044,unit,,Unity: 10-src/firmware/components/usb_export/test/test_usb_export.c::test_unreadable_record_is_a_corrupt_line,"host build (make test), stub hardware reset per test",,every TEST_ASSERT holds (Unity PASS),"RUN-04 (agent, no independence — A-4-03)",c3f7986d41e351a87bf9ad9d7469d949295018de
test_usb_export.test_full_history_fits_and_fat_chain_ends,10 000 records fit the volume; the FAT chains every data cluster to the end mark.,MRTM-LLR-044 MRTM-HLR-035,unit,,Unity: 10-src/firmware/components/usb_export/test/test_usb_export.c::test_full_history_fits_and_fat_chain_ends,"host build (make test), stub hardware reset per test",,every TEST_ASSERT holds (Unity PASS),"RUN-04 (agent, no independence — A-4-03)",c3f7986d41e351a87bf9ad9d7469d949295018de
test_wdt_kicker.test_task_watchdog_armed_at_5_s,task watchdog armed at 5 s,MRTM-LLR-017 MRTM-HLR-017,unit,,Unity: 10-src/firmware/components/wdt_kicker/test/test_wdt_kicker.c::test_task_watchdog_armed_at_5_s,"host build (make test), stub hardware reset per test",,every TEST_ASSERT holds (Unity PASS),"RUN-04 (agent, no independence — A-4-03)",c3f7986d41e351a87bf9ad9d7469d949295018de
test_wdt_kicker.test_pulses_while_the_heartbeat_moves,pulses while the heartbeat moves,MRTM-LLR-018 MRTM-HLR-016,unit,,Unity: 10-src/firmware/components/wdt_kicker/test/test_wdt_kicker.c::test_pulses_while_the_heartbeat_moves,"host build (make test), stub hardware reset per test",,every TEST_ASSERT holds (Unity PASS),"RUN-04 (agent, no independence — A-4-03)",c3f7986d41e351a87bf9ad9d7469d949295018de
test_wdt_kicker.test_pulses_stop_within_2_s_of_a_missed_alarm_cycle,The alarm task misses its 1 s cycle at t = 1000; pulses must stop by t = 3000.,MRTM-LLR-018 MRTM-HLR-016,unit,,Unity: 10-src/firmware/components/wdt_kicker/test/test_wdt_kicker.c::test_pulses_stop_within_2_s_of_a_missed_alarm_cycle,"host build (make test), stub hardware reset per test",,every TEST_ASSERT holds (Unity PASS),"RUN-04 (agent, no independence — A-4-03)",c3f7986d41e351a87bf9ad9d7469d949295018de
test_wdt_kicker.test_hold_stops_pulses_and_release_resumes,hold stops pulses and release resumes,MRTM-LLR-018 MRTM-HLR-018,unit,,Unity: 10-src/firmware/components/wdt_kicker/test/test_wdt_kicker.c::test_hold_stops_pulses_and_release_resumes,"host build (make test), stub hardware reset per test",,every TEST_ASSERT holds (Unity PASS),"RUN-04 (agent, no independence — A-4-03)",c3f7986d41e351a87bf9ad9d7469d949295018de
test_int_chains.test_int01_excursion_chain,"INT-01: sensor -> limit -> alarm -> log -> display, one excursion.",MRTM-HLR-005 MRTM-HLR-008 MRTM-HLR-025 MRTM-HLR-030,integration,,Unity: 10-src/test/integration/test_int_chains.c::test_int01_excursion_chain,"host build (make test), stub hardware reset per test",,every TEST_ASSERT holds (Unity PASS),"RUN-04 (agent, no independence — A-4-03)",c3f7986d41e351a87bf9ad9d7469d949295018de
test_int_chains.test_int02_watchdog_chain,INT-02: alarm task hangs -> pulses stop -> backup alarm sounds within 10 s of the last pulse.,MRTM-HLR-016 MRTM-HLR-010,integration,,Unity: 10-src/test/integration/test_int_chains.c::test_int02_watchdog_chain,"host build (make test), stub hardware reset per test",,every TEST_ASSERT holds (Unity PASS),"RUN-04 (agent, no independence — A-4-03)",c3f7986d41e351a87bf9ad9d7469d949295018de
test_int_chains.test_int03_corrupt_config_fail_safe,"INT-03: corrupt stored band at power-up -> failSafe, buzzer at once, no monitoring.",MRTM-HLR-019 MRTM-HLR-023,integration,,Unity: 10-src/test/integration/test_int_chains.c::test_int03_corrupt_config_fail_safe,"host build (make test), stub hardware reset per test",,every TEST_ASSERT holds (Unity PASS),"RUN-04 (agent, no independence — A-4-03)",c3f7986d41e351a87bf9ad9d7469d949295018de
test_int_chains.test_int04_restart_restores_the_alarm,INT-04: restart during an unacknowledged alarm -> sounding again within 2 s.,MRTM-HLR-014 MRTM-HLR-023,integration,,Unity: 10-src/test/integration/test_int_chains.c::test_int04_restart_restores_the_alarm,"host build (make test), stub hardware reset per test",,every TEST_ASSERT holds (Unity PASS),"RUN-04 (agent, no independence — A-4-03)",c3f7986d41e351a87bf9ad9d7469d949295018de
test_int_chains.test_int05_power_loss_logged_within_1_s,"INT-05: mains loss logged within 1 s, with the UTC second.",MRTM-HLR-020 MRTM-HLR-030,integration,,Unity: 10-src/test/integration/test_int_chains.c::test_int05_power_loss_logged_within_1_s,"host build (make test), stub hardware reset per test",,every TEST_ASSERT holds (Unity PASS),"RUN-04 (agent, no independence — A-4-03)",c3f7986d41e351a87bf9ad9d7469d949295018de
SP-01,"Excursion, alarm, acknowledge, re-alarm, end",MRTM-SYS-001 MRTM-SYS-002 MRTM-SYS-003 MRTM-SYS-004 MRTM-SYS-005 MRTM-SYS-006 MRTM-SYS-007 MRTM-SYS-008 MRTM-SYS-009 MRTM-SYS-010 MRTM-SYS-018 MRTM-SYS-019 MRTM-PRF-002 MRTM-IFC-002 MRTM-SAF-019 MRTM-STK-001 MRTM-STK-002 MRTM-STK-003 MRTM-SYS-024 MRTM-HWR-001 MRTM-HWR-005 MRTM-HWR-006,system,normal-range,11-verification/procedures/system-procedures.md#sp-01,environment H + T; 25 (H: 1) min,,all 11 checks of §SP-01 pass,"RUN-04 (agent, no independence — A-4-03)",c3f7986d41e351a87bf9ad9d7469d949295018de
SP-01-H,Excursion cycle — host dry run on the stubs (`sim_main excursion`),MRTM-SYS-001 MRTM-SYS-002 MRTM-SYS-003 MRTM-SYS-004 MRTM-SYS-005 MRTM-SYS-006 MRTM-SYS-008 MRTM-SYS-009 MRTM-SYS-010 MRTM-SYS-018 MRTM-SYS-019 MRTM-PRF-002 MRTM-IFC-002 MRTM-SYS-024,system,normal-range,11-verification/procedures/system-procedures.md#sp-01-h,environment H; 1 min,,the runner prints 11 CHECK … PASS lines and RESULT PASS,"RUN-04 (agent, no independence — A-4-03)",c3f7986d41e351a87bf9ad9d7469d949295018de
SP-02,"Probe fault: no CRC for 30 s, reading out of range",MRTM-SYS-012 MRTM-SYS-013 MRTM-SAF-002 MRTM-SAF-003 MRTM-SAF-011 MRTM-STK-007 MRTM-HWR-003,system,fault-injection,11-verification/procedures/system-procedures.md#sp-02,environment T; 15 min,,fault declared ≤ 30 s after the last good sample (+1 sample period); message ≤ 5 s; buzzer 1 s on / 1 s off ±0.1 s,"RUN-04 (agent, no independence — A-4-03)",c3f7986d41e351a87bf9ad9d7469d949295018de
SP-03,Firmware hang → watchdog restart and backup alarm,MRTM-SAF-004 MRTM-SAF-009 MRTM-SAF-010 MRTM-SAF-013 MRTM-HWR-007 MRTM-HWR-009 MRTM-HWR-008 MRTM-HLR-017 MRTM-HWR-010,system,fault-injection,11-verification/procedures/system-procedures.md#sp-03,environment T; 20 min,,restart ≤ 2 s; pulses stop ≤ 2 s after the alarm task stops; backup buzzer ≤ 10 s after the last pulse; backup sounds ≥ 60 s with no power,"RUN-04 (agent, no independence — A-4-03)",c3f7986d41e351a87bf9ad9d7469d949295018de
SP-04,"Mains loss, battery, low battery",MRTM-SYS-016 MRTM-SYS-023 MRTM-SAF-005 MRTM-SAF-008 MRTM-ENV-001 MRTM-STK-008 MRTM-HWR-012 MRTM-HWR-013,system,normal-range,11-verification/procedures/system-procedures.md#sp-04,environment T; 300 min,,switch-over ≤ 100 ms (scope); POWER_LOSS logged ≤ 1 s; runs ≥ 4 h on battery; buzzer ≤ 5 s after 3.4 V,"RUN-04 (agent, no independence — A-4-03)",c3f7986d41e351a87bf9ad9d7469d949295018de
SP-05,"Power-up: self-tests, band + version, corrupt band, clock stop, restore",MRTM-SAF-006 MRTM-SAF-007 MRTM-SAF-016 MRTM-SAF-017 MRTM-SAF-022 MRTM-SAF-023 MRTM-MNT-003 MRTM-HLR-025 MRTM-HLR-018,system,fault-injection,11-verification/procedures/system-procedures.md#sp-05,environment T; 20 min,,buzzer test ≤ 5 s; backup test ≤ 15 s; band 3 s and version 3 s on screen; corrupt band → buzzer ≤ 5 s; CLOCK_FAULT logged ≤ 2 s; unacknowledged alarm back ≤ 2 s after restart,"RUN-04 (agent, no independence — A-4-03)",c3f7986d41e351a87bf9ad9d7469d949295018de
SP-06,Buzzer loudness and buzzer fault,MRTM-SAF-001 MRTM-SAF-014 MRTM-SAF-015 MRTM-HWR-004,system,fault-injection,11-verification/procedures/system-procedures.md#sp-06,environment T; 15 min,,≥ 65 dB(A) at 1 m; buzzer disconnected → fault ≤ 5 s; red light 4 Hz ≤ 5 s after,"RUN-04 (agent, no independence — A-4-03)",c3f7986d41e351a87bf9ad9d7469d949295018de
SP-07,"Event log: 10 000 records, two copies, corrupt record, 9 000 warning",MRTM-SYS-015 MRTM-SYS-021 MRTM-SYS-022 MRTM-SAF-018 MRTM-HLR-030 MRTM-HLR-031,system,boundary,11-verification/procedures/system-procedures.md#sp-07,environment T; 30 min,,10 000 newest records readable after 12 000 written; each record in both copies ≤ 1 s; corrupt record reported ≤ 1 s; warning shown at 9 000,"RUN-04 (agent, no independence — A-4-03)",c3f7986d41e351a87bf9ad9d7469d949295018de
SP-08,"USB export, read-only",MRTM-SYS-014 MRTM-IFC-003 MRTM-PRF-003 MRTM-STK-005 MRTM-STK-006 MRTM-HLR-035,system,normal-range,11-verification/procedures/system-procedures.md#sp-08,environment T; 15 min,,volume mounts read-only; copy of HISTORY.CSV with 10 000 lines ≤ 30 s; every write/delete refused; file unchanged afterwards,"RUN-04 (agent, no independence — A-4-03)",c3f7986d41e351a87bf9ad9d7469d949295018de
SP-09,"Display: temperature, refresh, digit height, battery, calibration due, I2C recovery",MRTM-SYS-011 MRTM-PRF-004 MRTM-IFC-004 MRTM-MNT-002 MRTM-SAF-012 MRTM-SAF-021 MRTM-STK-004 MRTM-HWR-014 MRTM-HLR-025,system,normal-range,11-verification/procedures/system-procedures.md#sp-09,environment T + I; 25 min,,0.1 °C shown; refresh every 10 s ±0.5 s; digits ≥ 5 mm (calliper); battery in 10 % steps; message at day 365; bus reset ≤ 1 s after a forced SDA-low,"RUN-04 (agent, no independence — A-4-03)",c3f7986d41e351a87bf9ad9d7469d949295018de
SP-10,"Measurement accuracy, probe swap, 1-Wire bus",MRTM-PRF-001 MRTM-MNT-001 MRTM-IFC-001 MRTM-ENV-004 MRTM-HWR-002 MRTM-HWR-001 MRTM-HWR-003,system,boundary,11-verification/procedures/system-procedures.md#sp-10,environment T; 120 min,,"the error is ≤ 0.5 °C at 0, 2, 5, 8, 15 °C with two probes, no recalibration; bus capture shows 1-Wire; probe works −30…50 °C","RUN-04 (agent, no independence — A-4-03)",c3f7986d41e351a87bf9ad9d7469d949295018de
SP-11,Ambient temperature and humidity,MRTM-ENV-002 MRTM-ENV-003,system,boundary,11-verification/procedures/system-procedures.md#sp-11,environment T; 480 min,,SP-01 checks pass at 10 °C / 15 %RH and 35 °C / 85 %RH,"RUN-04 (agent, no independence — A-4-03)",c3f7986d41e351a87bf9ad9d7469d949295018de
SP-12,Clock drift over 7 days,MRTM-SYS-020 MRTM-HLR-032 MRTM-HWR-011,system,normal-range,11-verification/procedures/system-procedures.md#sp-12,environment T; 15 (+7 days wait) min,,drift ≤ 14 s after 7 days against a time reference,"RUN-04 (agent, no independence — A-4-03)",c3f7986d41e351a87bf9ad9d7469d949295018de
SP-13,"Allowed band 2–8 °C, edges",MRTM-SYS-017,system,boundary,11-verification/procedures/system-procedures.md#sp-13,environment T; 30 min,,2.0 °C and 8.0 °C are in band; 1.9 °C and 8.1 °C for 7 samples raise the alarm,"RUN-04 (agent, no independence — A-4-03)",c3f7986d41e351a87bf9ad9d7469d949295018de
SP-14,Instructions for use: probe position,MRTM-SAF-020,system,inspection,11-verification/procedures/system-procedures.md#sp-14,environment I; 10 min,,"IFU text says middle of the air space, ≥ 5 cm from the walls","RUN-04 (agent, no independence — A-4-03)",c3f7986d41e351a87bf9ad9d7469d949295018de
